participant_id,raw,comp,delta,raw_label,comp_label,changed_label,seq_pct_changed,seq_changed_n,seq_total_n
l59_485,0.5185185185185185,0.5185185185185185,0.0,"('answer_0(top)', 'answer_1(left)', 'answer_3(bottom)', 'answer_2(right)')","('answer_0(top)', 'answer_1(left)', 'answer_3(bottom)', 'answer_2(right)')",False,0.0,0,54
l21_102,0.7592592592592593,0.7592592592592593,0.0,"('answer_0(top)', 'answer_2(right)', 'answer_3(bottom)', 'answer_1(left)')","('answer_0(top)', 'answer_2(right)', 'answer_3(bottom)', 'answer_1(left)')",False,0.0,0,54
l22_103,0.5740740740740741,0.5740740740740741,0.0,"('answer_0(top)', 'answer_1(left)', 'answer_3(bottom)', 'answer_2(right)')","('answer_0(top)', 'answer_1(left)', 'answer_3(bottom)', 'answer_2(right)')",False,0.0,0,54
l39_125,0.18518518518518517,0.2037037037037037,0.018518518518518517,"('answer_0(top)', 'answer_1(left)', 'answer_3(bottom)', 'answer_2(right)')","('answer_0(top)', 'answer_1(left)', 'answer_3(bottom)', 'answer_2(right)')",False,0.018518518518518517,1,54
l60_190,0.7592592592592593,0.7592592592592593,0.0,"('answer_0(top)', 'answer_2(right)', 'answer_3(bottom)', 'answer_1(left)')","('answer_0(top)', 'answer_2(right)', 'answer_3(bottom)', 'answer_1(left)')",False,0.0,0,54
l50_145,0.4444444444444444,0.46296296296296297,0.018518518518518545,"('answer_0(top)', 'answer_2(right)', 'answer_3(bottom)', 'answer_1(left)')","('answer_0(top)', 'answer_2(right)', 'answer_3(bottom)', 'answer_1(left)')",False,0.037037037037037035,2,54
l16_96,0.5555555555555556,0.5740740740740741,0.01851851851851849,"('answer_0(top)', 'answer_2(right)', 'answer_3(bottom)', 'answer_1(left)')","('answer_0(top)', 'answer_2(right)', 'answer_3(bottom)', 'answer_1(left)')",False,0.018518518518518517,1,54
l40_127,0.48148148148148145,0.48148148148148145,0.0,"('answer_0(top)', 'answer_2(right)', 'answer_3(bottom)', 'answer_1(left)')","('answer_0(top)', 'answer_2(right)', 'answer_3(bottom)', 'answer_1(left)')",False,0.0,0,54
l8_268,0.5925925925925926,0.5925925925925926,0.0,"('answer_0(top)', 'answer_2(right)', 'answer_3(bottom)', 'answer_1(left)')","('answer_0(top)', 'answer_2(right)', 'answer_3(bottom)', 'answer_1(left)')",False,0.0,0,54
l4_80,0.2222222222222222,0.2962962962962963,0.07407407407407407,"('answer_1(left)', 'answer_0(top)', 'answer_2(right)', 'answer_3(bottom)')","('answer_0(top)', 'answer_2(right)', 'answer_3(bottom)', 'answer_1(left)')",True,0.18518518518518517,10,54
l41_129,0.46296296296296297,0.46296296296296297,0.0,"('answer_0(top)', 'answer_2(right)', 'answer_3(bottom)', 'answer_1(left)')","('answer_0(top)', 'answer_2(right)', 'answer_3(bottom)', 'answer_1(left)')",False,0.0,0,54
l17_98,0.42592592592592593,0.4444444444444444,0.01851851851851849,"('answer_0(top)', 'answer_2(right)', 'answer_3(bottom)', 'answer_1(left)')","('answer_0(top)', 'answer_2(right)', 'answer_3(bottom)', 'answer_1(left)')",False,0.018518518518518517,1,54
l24_105,0.35185185185185186,0.35185185185185186,0.0,"('answer_1(left)', 'answer_0(top)', 'answer_2(right)', 'answer_3(bottom)')","('answer_1(left)', 'answer_0(top)', 'answer_2(right)', 'answer_3(bottom)')",False,0.0,0,54
l23_97,0.5185185185185185,0.5555555555555556,0.03703703703703709,"('answer_0(top)', 'answer_2(right)', 'answer_3(bottom)', 'answer_1(left)')","('answer_0(top)', 'answer_2(right)', 'answer_3(bottom)', 'answer_1(left)')",False,0.037037037037037035,2,54
l55_157,0.3148148148148148,0.3148148148148148,0.0,"('answer_0(top)', 'answer_1(left)', 'answer_3(bottom)', 'answer_2(right)')","('answer_0(top)', 'answer_1(left)', 'answer_3(bottom)', 'answer_2(right)')",False,0.037037037037037035,2,54
l30_111,0.2962962962962963,0.2962962962962963,0.0,"('answer_0(top)', 'answer_1(left)', 'answer_3(bottom)', 'answer_2(right)')","('answer_0(top)', 'answer_1(left)', 'answer_3(bottom)', 'answer_2(right)')",False,0.018518518518518517,1,54
l14_94,0.5370370370370371,0.5370370370370371,0.0,"('answer_0(top)', 'answer_2(right)', 'answer_3(bottom)', 'answer_1(left)')","('answer_0(top)', 'answer_2(right)', 'answer_3(bottom)', 'answer_1(left)')",False,0.037037037037037035,2,54
l54_151,0.6481481481481481,0.6666666666666666,0.01851851851851849,"('answer_0(top)', 'answer_2(right)', 'answer_3(bottom)', 'answer_1(left)')","('answer_0(top)', 'answer_2(right)', 'answer_3(bottom)', 'answer_1(left)')",False,0.037037037037037035,2,54
l58_177,0.5740740740740741,0.5740740740740741,0.0,"('answer_0(top)', 'answer_1(left)', 'answer_2(right)', 'answer_3(bottom)')","('answer_0(top)', 'answer_1(left)', 'answer_2(right)', 'answer_3(bottom)')",False,0.037037037037037035,2,54
l18_99,0.3333333333333333,0.3333333333333333,0.0,"('answer_0(top)', 'answer_1(left)', 'answer_3(bottom)', 'answer_2(right)')","('answer_0(top)', 'answer_1(left)', 'answer_3(bottom)', 'answer_2(right)')",False,0.0,0,54
l56_159,0.7777777777777778,0.7777777777777778,0.0,"('answer_0(top)', 'answer_2(right)', 'answer_3(bottom)', 'answer_1(left)')","('answer_0(top)', 'answer_2(right)', 'answer_3(bottom)', 'answer_1(left)')",False,0.0,0,54
l37_120,0.7037037037037037,0.7037037037037037,0.0,"('answer_0(top)', 'answer_2(right)', 'answer_3(bottom)', 'answer_1(left)')","('answer_0(top)', 'answer_2(right)', 'answer_3(bottom)', 'answer_1(left)')",False,0.0,0,54
l53_150,0.35185185185185186,0.37037037037037035,0.01851851851851849,"('answer_0(top)', 'answer_2(right)', 'answer_3(bottom)', 'answer_1(left)')","('answer_0(top)', 'answer_2(right)', 'answer_3(bottom)', 'answer_1(left)')",False,0.018518518518518517,1,54
l3_265,0.2777777777777778,0.37037037037037035,0.09259259259259256,"('answer_0(top)', 'answer_1(left)', 'answer_3(bottom)', 'answer_2(right)')","('answer_0(top)', 'answer_1(left)', 'answer_3(bottom)', 'answer_2(right)')",False,0.12962962962962962,7,54
l15_95,0.5370370370370371,0.5740740740740741,0.03703703703703698,"('answer_0(top)', 'answer_2(right)', 'answer_3(bottom)', 'answer_1(left)')","('answer_0(top)', 'answer_2(right)', 'answer_3(bottom)', 'answer_1(left)')",False,0.09259259259259259,5,54
l34_116,0.5555555555555556,0.5555555555555556,0.0,"('answer_0(top)', 'answer_1(left)', 'answer_3(bottom)', 'answer_2(right)')","('answer_0(top)', 'answer_1(left)', 'answer_3(bottom)', 'answer_2(right)')",False,0.018518518518518517,1,54
l36_119,0.7592592592592593,0.8148148148148148,0.05555555555555547,"('answer_0(top)', 'answer_2(right)', 'answer_3(bottom)', 'answer_1(left)')","('answer_0(top)', 'answer_2(right)', 'answer_3(bottom)', 'answer_1(left)')",False,0.09259259259259259,5,54
l48_140,0.5555555555555556,0.5555555555555556,0.0,"('answer_1(left)', 'answer_0(top)', 'answer_2(right)', 'answer_3(bottom)')","('answer_1(left)', 'answer_0(top)', 'answer_2(right)', 'answer_3(bottom)')",False,0.0,0,54
l6_83,0.4074074074074074,0.4074074074074074,0.0,"('answer_0(top)', 'answer_1(left)', 'answer_3(bottom)', 'answer_2(right)')","('answer_0(top)', 'answer_1(left)', 'answer_3(bottom)', 'answer_2(right)')",False,0.0,0,54
l35_118,0.35185185185185186,0.35185185185185186,0.0,"('answer_0(top)', 'answer_1(left)', 'answer_2(right)', 'answer_3(bottom)')","('answer_0(top)', 'answer_1(left)', 'answer_2(right)', 'answer_3(bottom)')",False,0.018518518518518517,1,54
l45_135,0.8888888888888888,0.8888888888888888,0.0,"('answer_0(top)', 'answer_2(right)', 'answer_3(bottom)', 'answer_1(left)')","('answer_0(top)', 'answer_2(right)', 'answer_3(bottom)', 'answer_1(left)')",False,0.0,0,54
l20_101,0.7592592592592593,0.7592592592592593,0.0,"('answer_0(top)', 'answer_1(left)', 'answer_2(right)', 'answer_3(bottom)')","('answer_0(top)', 'answer_1(left)', 'answer_2(right)', 'answer_3(bottom)')",False,0.037037037037037035,2,54
l51_147,0.6666666666666666,0.6666666666666666,0.0,"('answer_0(top)', 'answer_2(right)', 'answer_3(bottom)', 'answer_1(left)')","('answer_0(top)', 'answer_2(right)', 'answer_3(bottom)', 'answer_1(left)')",False,0.018518518518518517,1,54
l12_92,0.35185185185185186,0.35185185185185186,0.0,"('answer_0(top)', 'answer_1(left)', 'answer_3(bottom)', 'answer_2(right)')","('answer_0(top)', 'answer_1(left)', 'answer_3(bottom)', 'answer_2(right)')",False,0.0,0,54
l42_290,0.6851851851851852,0.6851851851851852,0.0,"('answer_0(top)', 'answer_1(left)', 'answer_3(bottom)', 'answer_2(right)')","('answer_0(top)', 'answer_1(left)', 'answer_3(bottom)', 'answer_2(right)')",False,0.05555555555555555,3,54
l5_82,0.6296296296296297,0.6296296296296297,0.0,"('answer_0(top)', 'answer_1(left)', 'answer_3(bottom)', 'answer_2(right)')","('answer_0(top)', 'answer_1(left)', 'answer_3(bottom)', 'answer_2(right)')",False,0.0,0,54
l52_149,0.2777777777777778,0.2962962962962963,0.01851851851851849,"('answer_0(top)', 'answer_1(left)', 'answer_3(bottom)', 'answer_2(right)')","('answer_0(top)', 'answer_1(left)', 'answer_3(bottom)', 'answer_2(right)')",False,0.09259259259259259,5,54
l38_121,0.2777777777777778,0.2777777777777778,0.0,"('answer_0(top)', 'answer_1(left)', 'answer_3(bottom)', 'answer_2(right)')","('answer_0(top)', 'answer_1(left)', 'answer_3(bottom)', 'answer_2(right)')",False,0.0,0,54
l13_93,0.7222222222222222,0.7407407407407407,0.01851851851851849,"('answer_0(top)', 'answer_2(right)', 'answer_3(bottom)', 'answer_1(left)')","('answer_0(top)', 'answer_2(right)', 'answer_3(bottom)', 'answer_1(left)')",False,0.037037037037037035,2,54
l29_110,0.25925925925925924,0.25925925925925924,0.0,"('answer_0(top)', 'answer_1(left)', 'answer_3(bottom)', 'answer_2(right)')","('answer_0(top)', 'answer_1(left)', 'answer_3(bottom)', 'answer_2(right)')",False,0.018518518518518517,1,54
l19_100,0.6111111111111112,0.6111111111111112,0.0,"('answer_0(top)', 'answer_2(right)', 'answer_3(bottom)', 'answer_1(left)')","('answer_0(top)', 'answer_2(right)', 'answer_3(bottom)', 'answer_1(left)')",False,0.0,0,54
l1_168,0.6851851851851852,0.6851851851851852,0.0,"('answer_0(top)', 'answer_2(right)', 'answer_3(bottom)', 'answer_1(left)')","('answer_0(top)', 'answer_2(right)', 'answer_3(bottom)', 'answer_1(left)')",False,0.0,0,54
l27_108,0.7407407407407407,0.7407407407407407,0.0,"('answer_0(top)', 'answer_1(left)', 'answer_3(bottom)', 'answer_2(right)')","('answer_0(top)', 'answer_1(left)', 'answer_3(bottom)', 'answer_2(right)')",False,0.0,0,54
l26_107,0.7962962962962963,0.7962962962962963,0.0,"('answer_0(top)', 'answer_2(right)', 'answer_3(bottom)', 'answer_1(left)')","('answer_0(top)', 'answer_2(right)', 'answer_3(bottom)', 'answer_1(left)')",False,0.0,0,54
l57_170,0.7592592592592593,0.7592592592592593,0.0,"('answer_0(top)', 'answer_2(right)', 'answer_3(bottom)', 'answer_1(left)')","('answer_0(top)', 'answer_2(right)', 'answer_3(bottom)', 'answer_1(left)')",False,0.0,0,54
l25_106,0.25925925925925924,0.25925925925925924,0.0,"('answer_0(top)', 'answer_1(left)', 'answer_3(bottom)', 'answer_2(right)')","('answer_0(top)', 'answer_1(left)', 'answer_3(bottom)', 'answer_2(right)')",False,0.0,0,54
l10_269,0.4444444444444444,0.4444444444444444,0.0,"('answer_0(top)', 'answer_1(left)', 'answer_3(bottom)', 'answer_2(right)')","('answer_0(top)', 'answer_1(left)', 'answer_3(bottom)', 'answer_2(right)')",False,0.0,0,54
l44_291,0.48148148148148145,0.48148148148148145,0.0,"('answer_0(top)', 'answer_1(left)', 'answer_3(bottom)', 'answer_2(right)')","('answer_0(top)', 'answer_1(left)', 'answer_3(bottom)', 'answer_2(right)')",False,0.037037037037037035,2,54
l31_112,0.5185185185185185,0.6111111111111112,0.09259259259259267,"('answer_0(top)', 'answer_2(right)', 'answer_3(bottom)', 'answer_1(left)')","('answer_0(top)', 'answer_2(right)', 'answer_3(bottom)', 'answer_1(left)')",False,0.18518518518518517,10,54
l33_115,0.7407407407407407,0.8333333333333334,0.09259259259259267,"('answer_0(top)', 'answer_2(right)', 'answer_3(bottom)', 'answer_1(left)')","('answer_0(top)', 'answer_2(right)', 'answer_3(bottom)', 'answer_1(left)')",False,0.1111111111111111,6,54
l2_174,0.6481481481481481,0.6666666666666666,0.01851851851851849,"('answer_0(top)', 'answer_2(right)', 'answer_3(bottom)', 'answer_1(left)')","('answer_0(top)', 'answer_2(right)', 'answer_3(bottom)', 'answer_1(left)')",False,0.018518518518518517,1,54
l7_267,0.24074074074074073,0.24074074074074073,0.0,"('answer_0(top)', 'answer_1(left)', 'answer_3(bottom)', 'answer_2(right)')","('answer_0(top)', 'answer_1(left)', 'answer_3(bottom)', 'answer_2(right)')",False,0.018518518518518517,1,54
l43_131,0.6851851851851852,0.7407407407407407,0.05555555555555547,"('answer_0(top)', 'answer_2(right)', 'answer_3(bottom)', 'answer_1(left)')","('answer_0(top)', 'answer_2(right)', 'answer_3(bottom)', 'answer_1(left)')",False,0.05555555555555555,3,54
l59_293,0.5555555555555556,0.5555555555555556,0.0,"('answer_0(top)', 'answer_2(right)', 'answer_3(bottom)', 'answer_1(left)')","('answer_0(top)', 'answer_2(right)', 'answer_3(bottom)', 'answer_1(left)')",False,0.0,0,54
l11_91,0.5,0.5,0.0,"('answer_0(top)', 'answer_2(right)', 'answer_3(bottom)', 'answer_1(left)')","('answer_0(top)', 'answer_2(right)', 'answer_3(bottom)', 'answer_1(left)')",False,0.0,0,54
l47_138,0.8518518518518519,0.8518518518518519,0.0,"('answer_0(top)', 'answer_2(right)', 'answer_3(bottom)', 'answer_1(left)')","('answer_0(top)', 'answer_2(right)', 'answer_3(bottom)', 'answer_1(left)')",False,0.0,0,54
l46_137,0.5,0.5,0.0,"('answer_0(top)', 'answer_1(left)', 'answer_3(bottom)', 'answer_2(right)')","('answer_0(top)', 'answer_1(left)', 'answer_3(bottom)', 'answer_2(right)')",False,0.0,0,54
l49_143,0.4444444444444444,0.46296296296296297,0.018518518518518545,"('answer_0(top)', 'answer_2(right)', 'answer_3(bottom)', 'answer_1(left)')","('answer_0(top)', 'answer_2(right)', 'answer_3(bottom)', 'answer_1(left)')",False,0.018518518518518517,1,54
l32_502,0.7777777777777778,0.8518518518518519,0.07407407407407407,"('answer_0(top)', 'answer_2(right)', 'answer_3(bottom)', 'answer_1(left)')","('answer_0(top)', 'answer_2(right)', 'answer_3(bottom)', 'answer_1(left)')",False,0.07407407407407407,4,54
l9_491,0.5555555555555556,0.5555555555555556,0.0,"('answer_0(top)', 'answer_2(right)', 'answer_3(bottom)', 'answer_1(left)')","('answer_0(top)', 'answer_2(right)', 'answer_3(bottom)', 'answer_1(left)')",False,0.0,0,54
l37_534,0.4074074074074074,0.4074074074074074,0.0,"('answer_0(top)', 'answer_1(left)', 'answer_3(bottom)', 'answer_2(right)')","('answer_0(top)', 'answer_1(left)', 'answer_3(bottom)', 'answer_2(right)')",False,0.0,0,54
l45_543,0.6111111111111112,0.6111111111111112,0.0,"('answer_0(top)', 'answer_2(right)', 'answer_3(bottom)', 'answer_1(left)')","('answer_0(top)', 'answer_2(right)', 'answer_3(bottom)', 'answer_1(left)')",False,0.0,0,54
l55_519,0.3584905660377358,0.3584905660377358,0.0,"('answer_0(top)', 'answer_1(left)', 'answer_2(right)', 'answer_3(bottom)')","('answer_0(top)', 'answer_1(left)', 'answer_2(right)', 'answer_3(bottom)')",False,0.05660377358490566,3,53
l48_535,0.5370370370370371,0.6111111111111112,0.07407407407407407,"('answer_0(top)', 'answer_1(left)', 'answer_3(bottom)', 'answer_2(right)')","('answer_0(top)', 'answer_1(left)', 'answer_3(bottom)', 'answer_2(right)')",False,0.12962962962962962,7,54
l14_527,0.46296296296296297,0.48148148148148145,0.01851851851851849,"('answer_0(top)', 'answer_2(right)', 'answer_3(bottom)', 'answer_1(left)')","('answer_0(top)', 'answer_2(right)', 'answer_3(bottom)', 'answer_1(left)')",False,0.018518518518518517,1,54
l54_516,0.48148148148148145,0.48148148148148145,0.0,"('answer_0(top)', 'answer_1(left)', 'answer_3(bottom)', 'answer_2(right)')","('answer_0(top)', 'answer_1(left)', 'answer_3(bottom)', 'answer_2(right)')",False,0.018518518518518517,1,54
l59_546,0.6851851851851852,0.7037037037037037,0.01851851851851849,"('answer_0(top)', 'answer_2(right)', 'answer_3(bottom)', 'answer_1(left)')","('answer_0(top)', 'answer_2(right)', 'answer_3(bottom)', 'answer_1(left)')",False,0.037037037037037035,2,54
l33_515,0.8333333333333334,0.8518518518518519,0.01851851851851849,"('answer_0(top)', 'answer_2(right)', 'answer_3(bottom)', 'answer_1(left)')","('answer_0(top)', 'answer_2(right)', 'answer_3(bottom)', 'answer_1(left)')",False,0.018518518518518517,1,54
l60_518,0.6111111111111112,0.6111111111111112,0.0,"('answer_0(top)', 'answer_2(right)', 'answer_3(bottom)', 'answer_1(left)')","('answer_0(top)', 'answer_2(right)', 'answer_3(bottom)', 'answer_1(left)')",False,0.0,0,54
l20_362,0.2777777777777778,0.2777777777777778,0.0,"('answer_1(left)', 'answer_0(top)', 'answer_2(right)', 'answer_3(bottom)')","('answer_1(left)', 'answer_0(top)', 'answer_2(right)', 'answer_3(bottom)')",False,0.018518518518518517,1,54
l5_332,0.5555555555555556,0.5555555555555556,0.0,"('answer_0(top)', 'answer_1(left)', 'answer_3(bottom)', 'answer_2(right)')","('answer_0(top)', 'answer_1(left)', 'answer_3(bottom)', 'answer_2(right)')",False,0.0,0,54
l12_345,0.7037037037037037,0.7037037037037037,0.0,"('answer_0(top)', 'answer_2(right)', 'answer_3(bottom)', 'answer_1(left)')","('answer_0(top)', 'answer_2(right)', 'answer_3(bottom)', 'answer_1(left)')",False,0.0,0,54
l11_344,0.7222222222222222,0.7222222222222222,0.0,"('answer_0(top)', 'answer_2(right)', 'answer_3(bottom)', 'answer_1(left)')","('answer_0(top)', 'answer_2(right)', 'answer_3(bottom)', 'answer_1(left)')",False,0.0,0,54
l9_340,0.3888888888888889,0.3888888888888889,0.0,"('answer_0(top)', 'answer_1(left)', 'answer_3(bottom)', 'answer_2(right)')","('answer_0(top)', 'answer_1(left)', 'answer_3(bottom)', 'answer_2(right)')",False,0.018518518518518517,1,54
l32_390,0.4074074074074074,0.4074074074074074,0.0,"('answer_0(top)', 'answer_2(right)', 'answer_3(bottom)', 'answer_1(left)')","('answer_0(top)', 'answer_2(right)', 'answer_3(bottom)', 'answer_1(left)')",False,0.018518518518518517,1,54
l19_365,0.5740740740740741,0.5740740740740741,0.0,"('answer_0(top)', 'answer_2(right)', 'answer_3(bottom)', 'answer_1(left)')","('answer_0(top)', 'answer_2(right)', 'answer_3(bottom)', 'answer_1(left)')",False,0.0,0,54
l28_380,0.24074074074074073,0.24074074074074073,0.0,"('answer_0(top)', 'answer_1(left)', 'answer_2(right)', 'answer_3(bottom)')","('answer_0(top)', 'answer_1(left)', 'answer_2(right)', 'answer_3(bottom)')",False,0.0,0,54
l27_378,0.24074074074074073,0.3148148148148148,0.0740740740740741,"('answer_0(top)', 'answer_1(left)', 'answer_2(right)', 'answer_3(bottom)')","('answer_0(top)', 'answer_1(left)', 'answer_3(bottom)', 'answer_2(right)')",True,0.2037037037037037,11,54
l17_356,0.6481481481481481,0.6666666666666666,0.01851851851851849,"('answer_0(top)', 'answer_2(right)', 'answer_3(bottom)', 'answer_1(left)')","('answer_0(top)', 'answer_2(right)', 'answer_3(bottom)', 'answer_1(left)')",False,0.018518518518518517,1,54
l15_350,0.2962962962962963,0.2962962962962963,0.0,"('answer_0(top)', 'answer_2(right)', 'answer_3(bottom)', 'answer_1(left)')","('answer_0(top)', 'answer_2(right)', 'answer_3(bottom)', 'answer_1(left)')",False,0.0,0,54
l8_339,0.35185185185185186,0.3888888888888889,0.037037037037037035,"('answer_0(top)', 'answer_1(left)', 'answer_3(bottom)', 'answer_2(right)')","('answer_0(top)', 'answer_1(left)', 'answer_3(bottom)', 'answer_2(right)')",False,0.1111111111111111,6,54
l7_336,0.35185185185185186,0.35185185185185186,0.0,"('answer_0(top)', 'answer_1(left)', 'answer_3(bottom)', 'answer_2(right)')","('answer_0(top)', 'answer_1(left)', 'answer_3(bottom)', 'answer_2(right)')",False,0.0,0,54
l23_368,0.37037037037037035,0.37037037037037035,0.0,"('answer_0(top)', 'answer_2(right)', 'answer_3(bottom)', 'answer_1(left)')","('answer_0(top)', 'answer_2(right)', 'answer_3(bottom)', 'answer_1(left)')",False,0.0,0,54
l10_341,0.42592592592592593,0.4444444444444444,0.01851851851851849,"('answer_0(top)', 'answer_1(left)', 'answer_3(bottom)', 'answer_2(right)')","('answer_0(top)', 'answer_1(left)', 'answer_3(bottom)', 'answer_2(right)')",False,0.018518518518518517,1,54
l4_331,0.7592592592592593,0.7592592592592593,0.0,"('answer_0(top)', 'answer_2(right)', 'answer_3(bottom)', 'answer_1(left)')","('answer_0(top)', 'answer_2(right)', 'answer_3(bottom)', 'answer_1(left)')",False,0.0,0,54
l21_366,0.3333333333333333,0.3333333333333333,0.0,"('answer_0(top)', 'answer_1(left)', 'answer_2(right)', 'answer_3(bottom)')","('answer_0(top)', 'answer_1(left)', 'answer_2(right)', 'answer_3(bottom)')",False,0.018518518518518517,1,54
l22_367,0.6481481481481481,0.6666666666666666,0.01851851851851849,"('answer_0(top)', 'answer_2(right)', 'answer_3(bottom)', 'answer_1(left)')","('answer_0(top)', 'answer_2(right)', 'answer_3(bottom)', 'answer_1(left)')",False,0.018518518518518517,1,54
l13_348,0.6296296296296297,0.6481481481481481,0.01851851851851849,"('answer_0(top)', 'answer_2(right)', 'answer_3(bottom)', 'answer_1(left)')","('answer_0(top)', 'answer_2(right)', 'answer_3(bottom)', 'answer_1(left)')",False,0.018518518518518517,1,54
l16_354,0.5555555555555556,0.5925925925925926,0.03703703703703698,"('answer_0(top)', 'answer_2(right)', 'answer_3(bottom)', 'answer_1(left)')","('answer_0(top)', 'answer_2(right)', 'answer_3(bottom)', 'answer_1(left)')",False,0.05555555555555555,3,54
l25_373,0.5370370370370371,0.5370370370370371,0.0,"('answer_0(top)', 'answer_2(right)', 'answer_3(bottom)', 'answer_1(left)')","('answer_0(top)', 'answer_2(right)', 'answer_3(bottom)', 'answer_1(left)')",False,0.0,0,54
l26_375,0.48148148148148145,0.48148148148148145,0.0,"('answer_0(top)', 'answer_2(right)', 'answer_3(bottom)', 'answer_1(left)')","('answer_0(top)', 'answer_2(right)', 'answer_3(bottom)', 'answer_1(left)')",False,0.0,0,54
l14_352,0.5555555555555556,0.5740740740740741,0.01851851851851849,"('answer_1(left)', 'answer_0(top)', 'answer_2(right)', 'answer_3(bottom)')","('answer_1(left)', 'answer_0(top)', 'answer_2(right)', 'answer_3(bottom)')",False,0.018518518518518517,1,54
l31_388,0.5185185185185185,0.5370370370370371,0.0185185185185186,"('answer_0(top)', 'answer_2(right)', 'answer_3(bottom)', 'answer_1(left)')","('answer_0(top)', 'answer_2(right)', 'answer_3(bottom)', 'answer_1(left)')",False,0.018518518518518517,1,54
l24_372,0.2962962962962963,0.3148148148148148,0.018518518518518545,"('answer_0(top)', 'answer_2(right)', 'answer_3(bottom)', 'answer_1(left)')","('answer_0(top)', 'answer_2(right)', 'answer_3(bottom)', 'answer_1(left)')",False,0.07407407407407407,4,54
l30_386,0.5555555555555556,0.5555555555555556,0.0,"('answer_0(top)', 'answer_1(left)', 'answer_3(bottom)', 'answer_2(right)')","('answer_0(top)', 'answer_1(left)', 'answer_3(bottom)', 'answer_2(right)')",False,0.0,0,54
l28_495,0.7777777777777778,0.7777777777777778,0.0,"('answer_0(top)', 'answer_2(right)', 'answer_3(bottom)', 'answer_1(left)')","('answer_0(top)', 'answer_2(right)', 'answer_3(bottom)', 'answer_1(left)')",False,0.018518518518518517,1,54
l46_2096,0.1111111111111111,0.1111111111111111,0.0,"('answer_0(top)', 'answer_2(right)', 'answer_0(top)', 'answer_3(bottom)')","('answer_0(top)', 'answer_2(right)', 'answer_0(top)', 'answer_3(bottom)')",False,0.25925925925925924,14,54
l53_478,0.48148148148148145,0.48148148148148145,0.0,"('answer_0(top)', 'answer_1(left)', 'answer_3(bottom)', 'answer_2(right)')","('answer_0(top)', 'answer_1(left)', 'answer_3(bottom)', 'answer_2(right)')",False,0.0,0,54
l52_477,0.8333333333333334,0.8518518518518519,0.01851851851851849,"('answer_0(top)', 'answer_2(right)', 'answer_3(bottom)', 'answer_1(left)')","('answer_0(top)', 'answer_2(right)', 'answer_3(bottom)', 'answer_1(left)')",False,0.05555555555555555,3,54
l54_479,0.5370370370370371,0.5370370370370371,0.0,"('answer_0(top)', 'answer_2(right)', 'answer_3(bottom)', 'answer_1(left)')","('answer_0(top)', 'answer_2(right)', 'answer_3(bottom)', 'answer_1(left)')",False,0.0,0,54
l58_483,0.3888888888888889,0.3888888888888889,0.0,"('answer_0(top)', 'answer_2(right)', 'answer_3(bottom)', 'answer_1(left)')","('answer_0(top)', 'answer_2(right)', 'answer_3(bottom)', 'answer_1(left)')",False,0.0,0,54
l49_471,0.5185185185185185,0.5555555555555556,0.03703703703703709,"('answer_0(top)', 'answer_2(right)', 'answer_3(bottom)', 'answer_1(left)')","('answer_0(top)', 'answer_2(right)', 'answer_3(bottom)', 'answer_1(left)')",False,0.07407407407407407,4,54
l51_475,0.25925925925925924,0.25925925925925924,0.0,"('answer_0(top)', 'answer_1(left)', 'answer_3(bottom)', 'answer_2(right)')","('answer_0(top)', 'answer_1(left)', 'answer_3(bottom)', 'answer_2(right)')",False,0.018518518518518517,1,54
l50_472,0.7962962962962963,0.8518518518518519,0.05555555555555558,"('answer_0(top)', 'answer_2(right)', 'answer_3(bottom)', 'answer_1(left)')","('answer_0(top)', 'answer_2(right)', 'answer_3(bottom)', 'answer_1(left)')",False,0.05555555555555555,3,54
l56_481,0.4074074074074074,0.42592592592592593,0.018518518518518545,"('answer_0(top)', 'answer_2(right)', 'answer_3(bottom)', 'answer_1(left)')","('answer_0(top)', 'answer_2(right)', 'answer_3(bottom)', 'answer_1(left)')",False,0.018518518518518517,1,54
l57_2095,0.4444444444444444,0.5,0.05555555555555558,"('answer_0(top)', 'answer_2(right)', 'answer_3(bottom)', 'answer_1(left)')","('answer_0(top)', 'answer_2(right)', 'answer_3(bottom)', 'answer_1(left)')",False,0.09259259259259259,5,54
l60_492,0.42592592592592593,0.4444444444444444,0.01851851851851849,"('answer_0(top)', 'answer_2(right)', 'answer_3(bottom)', 'answer_1(left)')","('answer_0(top)', 'answer_2(right)', 'answer_3(bottom)', 'answer_1(left)')",False,0.018518518518518517,1,54
l56_438,0.7962962962962963,0.8148148148148148,0.01851851851851849,"('answer_0(top)', 'answer_2(right)', 'answer_3(bottom)', 'answer_1(left)')","('answer_0(top)', 'answer_2(right)', 'answer_3(bottom)', 'answer_1(left)')",False,0.018518518518518517,1,54
l55_437,0.4074074074074074,0.4074074074074074,0.0,"('answer_0(top)', 'answer_2(right)', 'answer_3(bottom)', 'answer_1(left)')","('answer_0(top)', 'answer_2(right)', 'answer_3(bottom)', 'answer_1(left)')",False,0.0,0,54
l41_408,0.5555555555555556,0.5555555555555556,0.0,"('answer_0(top)', 'answer_2(right)', 'answer_3(bottom)', 'answer_1(left)')","('answer_0(top)', 'answer_2(right)', 'answer_3(bottom)', 'answer_1(left)')",False,0.0,0,54
l18_449,0.8888888888888888,0.8888888888888888,0.0,"('answer_0(top)', 'answer_2(right)', 'answer_3(bottom)', 'answer_1(left)')","('answer_0(top)', 'answer_2(right)', 'answer_3(bottom)', 'answer_1(left)')",False,0.0,0,54
l35_399,0.8333333333333334,0.8333333333333334,0.0,"('answer_0(top)', 'answer_2(right)', 'answer_3(bottom)', 'answer_1(left)')","('answer_0(top)', 'answer_2(right)', 'answer_3(bottom)', 'answer_1(left)')",False,0.0,0,54
l34_398,0.48148148148148145,0.5555555555555556,0.07407407407407413,"('answer_0(top)', 'answer_2(right)', 'answer_3(bottom)', 'answer_1(left)')","('answer_0(top)', 'answer_2(right)', 'answer_3(bottom)', 'answer_1(left)')",False,0.09259259259259259,5,54
l57_463,0.6851851851851852,0.6851851851851852,0.0,"('answer_0(top)', 'answer_2(right)', 'answer_3(bottom)', 'answer_1(left)')","('answer_0(top)', 'answer_2(right)', 'answer_3(bottom)', 'answer_1(left)')",False,0.018518518518518517,1,54
l48_421,0.35185185185185186,0.3888888888888889,0.037037037037037035,"('answer_0(top)', 'answer_2(right)', 'answer_3(bottom)', 'answer_1(left)')","('answer_0(top)', 'answer_2(right)', 'answer_3(bottom)', 'answer_1(left)')",False,0.12962962962962962,7,54
l38_402,0.3148148148148148,0.3148148148148148,0.0,"('answer_0(top)', 'answer_1(left)', 'answer_3(bottom)', 'answer_2(right)')","('answer_0(top)', 'answer_1(left)', 'answer_3(bottom)', 'answer_2(right)')",False,0.018518518518518517,1,54
l52_430,0.3888888888888889,0.3888888888888889,0.0,"('answer_0(top)', 'answer_1(left)', 'answer_3(bottom)', 'answer_2(right)')","('answer_0(top)', 'answer_1(left)', 'answer_3(bottom)', 'answer_2(right)')",False,0.0,0,54
l39_404,0.5,0.5,0.0,"('answer_0(top)', 'answer_2(right)', 'answer_3(bottom)', 'answer_1(left)')","('answer_0(top)', 'answer_2(right)', 'answer_3(bottom)', 'answer_1(left)')",False,0.0,0,54
l45_415,0.2037037037037037,0.2037037037037037,0.0,"('answer_1(left)', 'answer_3(bottom)', 'answer_2(right)', 'answer_0(top)')","('answer_1(left)', 'answer_3(bottom)', 'answer_2(right)', 'answer_0(top)')",False,0.0,0,54
l37_401,0.7592592592592593,0.8148148148148148,0.05555555555555547,"('answer_0(top)', 'answer_2(right)', 'answer_3(bottom)', 'answer_1(left)')","('answer_0(top)', 'answer_2(right)', 'answer_3(bottom)', 'answer_1(left)')",False,0.07407407407407407,4,54
l36_400,0.5925925925925926,0.6296296296296297,0.03703703703703709,"('answer_0(top)', 'answer_1(left)', 'answer_3(bottom)', 'answer_2(right)')","('answer_0(top)', 'answer_1(left)', 'answer_3(bottom)', 'answer_2(right)')",False,0.07407407407407407,4,54
l50_425,0.7037037037037037,0.7037037037037037,0.0,"('answer_0(top)', 'answer_2(right)', 'answer_3(bottom)', 'answer_1(left)')","('answer_0(top)', 'answer_2(right)', 'answer_3(bottom)', 'answer_1(left)')",False,0.0,0,54
l44_414,0.6666666666666666,0.6666666666666666,0.0,"('answer_0(top)', 'answer_2(right)', 'answer_3(bottom)', 'answer_1(left)')","('answer_0(top)', 'answer_2(right)', 'answer_3(bottom)', 'answer_1(left)')",False,0.0,0,54
l58_466,0.6666666666666666,0.6851851851851852,0.0185185185185186,"('answer_0(top)', 'answer_2(right)', 'answer_3(bottom)', 'answer_1(left)')","('answer_0(top)', 'answer_2(right)', 'answer_3(bottom)', 'answer_1(left)')",False,0.037037037037037035,2,54
l43_413,0.46296296296296297,0.48148148148148145,0.01851851851851849,"('answer_0(top)', 'answer_2(right)', 'answer_3(bottom)', 'answer_1(left)')","('answer_0(top)', 'answer_2(right)', 'answer_3(bottom)', 'answer_1(left)')",False,0.018518518518518517,1,54
l42_459,0.25925925925925924,0.2962962962962963,0.037037037037037035,"('answer_0(top)', 'answer_2(right)', 'answer_3(bottom)', 'answer_1(left)')","('answer_0(top)', 'answer_2(right)', 'answer_3(bottom)', 'answer_1(left)')",False,0.24074074074074073,13,54
l29_454,0.3148148148148148,0.3148148148148148,0.0,"('answer_0(top)', 'answer_1(left)', 'answer_2(right)', 'answer_3(bottom)')","('answer_0(top)', 'answer_1(left)', 'answer_2(right)', 'answer_3(bottom)')",False,0.0,0,54
l40_458,0.2037037037037037,0.2037037037037037,0.0,"('answer_0(top)', 'answer_1(left)', 'answer_3(bottom)', 'answer_2(right)')","('answer_0(top)', 'answer_1(left)', 'answer_3(bottom)', 'answer_2(right)')",False,0.07407407407407407,4,54
l49_424,0.7037037037037037,0.7037037037037037,0.0,"('answer_0(top)', 'answer_2(right)', 'answer_3(bottom)', 'answer_1(left)')","('answer_0(top)', 'answer_2(right)', 'answer_3(bottom)', 'answer_1(left)')",False,0.0,0,54
l53_432,0.2777777777777778,0.2777777777777778,0.0,"('answer_0(top)', 'answer_1(left)', 'answer_2(right)', 'answer_3(bottom)')","('answer_0(top)', 'answer_1(left)', 'answer_2(right)', 'answer_3(bottom)')",False,0.018518518518518517,1,54
l51_429,0.6111111111111112,0.6111111111111112,0.0,"('answer_0(top)', 'answer_2(right)', 'answer_3(bottom)', 'answer_1(left)')","('answer_0(top)', 'answer_2(right)', 'answer_3(bottom)', 'answer_1(left)')",False,0.0,0,54
l47_420,0.6111111111111112,0.6111111111111112,0.0,"('answer_0(top)', 'answer_2(right)', 'answer_3(bottom)', 'answer_1(left)')","('answer_0(top)', 'answer_2(right)', 'answer_3(bottom)', 'answer_1(left)')",False,0.018518518518518517,1,54
l26_244,0.2222222222222222,0.3333333333333333,0.1111111111111111,"('answer_0(top)', 'answer_2(right)', 'answer_3(bottom)', 'answer_1(left)')","('answer_0(top)', 'answer_2(right)', 'answer_3(bottom)', 'answer_1(left)')",False,0.16666666666666666,9,54
l18_220,0.3333333333333333,0.4074074074074074,0.07407407407407407,"('answer_0(top)', 'answer_1(left)', 'answer_3(bottom)', 'answer_2(right)')","('answer_0(top)', 'answer_1(left)', 'answer_3(bottom)', 'answer_2(right)')",False,0.07407407407407407,4,54
l7_199,0.46296296296296297,0.46296296296296297,0.0,"('answer_0(top)', 'answer_1(left)', 'answer_3(bottom)', 'answer_2(right)')","('answer_0(top)', 'answer_1(left)', 'answer_3(bottom)', 'answer_2(right)')",False,0.0,0,54
l25_243,0.5,0.5185185185185185,0.01851851851851849,"('answer_1(left)', 'answer_0(top)', 'answer_2(right)', 'answer_3(bottom)')","('answer_1(left)', 'answer_0(top)', 'answer_2(right)', 'answer_3(bottom)')",False,0.018518518518518517,1,54
l27_245,0.3333333333333333,0.35185185185185186,0.018518518518518545,"('answer_0(top)', 'answer_1(left)', 'answer_3(bottom)', 'answer_2(right)')","('answer_0(top)', 'answer_1(left)', 'answer_3(bottom)', 'answer_2(right)')",False,0.018518518518518517,1,54
l44_312,0.46296296296296297,0.5,0.037037037037037035,"('answer_0(top)', 'answer_2(right)', 'answer_3(bottom)', 'answer_1(left)')","('answer_0(top)', 'answer_2(right)', 'answer_3(bottom)', 'answer_1(left)')",False,0.05555555555555555,3,54
l36_280,0.6111111111111112,0.6111111111111112,0.0,"('answer_0(top)', 'answer_1(left)', 'answer_2(right)', 'answer_3(bottom)')","('answer_0(top)', 'answer_1(left)', 'answer_2(right)', 'answer_3(bottom)')",False,0.0,0,54
l2_165,0.5925925925925926,0.5925925925925926,0.0,"('answer_0(top)', 'answer_2(right)', 'answer_3(bottom)', 'answer_1(left)')","('answer_0(top)', 'answer_2(right)', 'answer_3(bottom)', 'answer_1(left)')",False,0.0,0,54
l12_207,0.46296296296296297,0.46296296296296297,0.0,"('answer_0(top)', 'answer_1(left)', 'answer_3(bottom)', 'answer_2(right)')","('answer_0(top)', 'answer_1(left)', 'answer_3(bottom)', 'answer_2(right)')",False,0.0,0,54
l39_299,0.7222222222222222,0.7407407407407407,0.01851851851851849,"('answer_0(top)', 'answer_2(right)', 'answer_3(bottom)', 'answer_1(left)')","('answer_0(top)', 'answer_2(right)', 'answer_3(bottom)', 'answer_1(left)')",False,0.037037037037037035,2,54
l13_213,0.4716981132075472,0.4716981132075472,0.0,"('answer_0(top)', 'answer_1(left)', 'answer_3(bottom)', 'answer_2(right)')","('answer_0(top)', 'answer_1(left)', 'answer_3(bottom)', 'answer_2(right)')",False,0.018867924528301886,1,53
l42_308,0.6111111111111112,0.7407407407407407,0.12962962962962954,"('answer_0(top)', 'answer_2(right)', 'answer_3(bottom)', 'answer_1(left)')","('answer_0(top)', 'answer_2(right)', 'answer_3(bottom)', 'answer_1(left)')",False,0.14814814814814814,8,54
l40_300,0.7962962962962963,0.7962962962962963,0.0,"('answer_0(top)', 'answer_2(right)', 'answer_3(bottom)', 'answer_1(left)')","('answer_0(top)', 'answer_2(right)', 'answer_3(bottom)', 'answer_1(left)')",False,0.018518518518518517,1,54
l23_234,0.3333333333333333,0.3333333333333333,0.0,"('answer_0(top)', 'answer_1(left)', 'answer_3(bottom)', 'answer_2(right)')","('answer_0(top)', 'answer_1(left)', 'answer_3(bottom)', 'answer_2(right)')",False,0.05555555555555555,3,54
l38_282,0.5185185185185185,0.5555555555555556,0.03703703703703709,"('answer_0(top)', 'answer_2(right)', 'answer_3(bottom)', 'answer_1(left)')","('answer_0(top)', 'answer_2(right)', 'answer_3(bottom)', 'answer_1(left)')",False,0.037037037037037035,2,54
l21_232,0.5740740740740741,0.5740740740740741,0.0,"('answer_0(top)', 'answer_2(right)', 'answer_3(bottom)', 'answer_1(left)')","('answer_0(top)', 'answer_2(right)', 'answer_3(bottom)', 'answer_1(left)')",False,0.0,0,54
l22_233,0.2962962962962963,0.2962962962962963,0.0,"('answer_0(top)', 'answer_2(right)', 'answer_3(bottom)', 'answer_1(left)')","('answer_0(top)', 'answer_2(right)', 'answer_3(bottom)', 'answer_1(left)')",False,0.0,0,54
l31_257,0.6851851851851852,0.6851851851851852,0.0,"('answer_0(top)', 'answer_2(right)', 'answer_3(bottom)', 'answer_1(left)')","('answer_0(top)', 'answer_2(right)', 'answer_3(bottom)', 'answer_1(left)')",False,0.0,0,54
l5_179,0.4444444444444444,0.4444444444444444,0.0,"('answer_0(top)', 'answer_2(right)', 'answer_3(bottom)', 'answer_1(left)')","('answer_0(top)', 'answer_2(right)', 'answer_3(bottom)', 'answer_1(left)')",False,0.0,0,54
l28_246,0.7592592592592593,0.7592592592592593,0.0,"('answer_0(top)', 'answer_2(right)', 'answer_3(bottom)', 'answer_1(left)')","('answer_0(top)', 'answer_2(right)', 'answer_3(bottom)', 'answer_1(left)')",False,0.0,0,54
l29_248,0.7592592592592593,0.7592592592592593,0.0,"('answer_0(top)', 'answer_2(right)', 'answer_3(bottom)', 'answer_1(left)')","('answer_0(top)', 'answer_2(right)', 'answer_3(bottom)', 'answer_1(left)')",False,0.0,0,54
l24_241,0.7222222222222222,0.7222222222222222,0.0,"('answer_0(top)', 'answer_2(right)', 'answer_3(bottom)', 'answer_1(left)')","('answer_0(top)', 'answer_2(right)', 'answer_3(bottom)', 'answer_1(left)')",False,0.0,0,54
l33_276,0.3333333333333333,0.3333333333333333,0.0,"('answer_0(top)', 'answer_1(left)', 'answer_3(bottom)', 'answer_2(right)')","('answer_0(top)', 'answer_1(left)', 'answer_3(bottom)', 'answer_2(right)')",False,0.037037037037037035,2,54
l47_319,0.6666666666666666,0.6666666666666666,0.0,"('answer_0(top)', 'answer_1(left)', 'answer_2(right)', 'answer_3(bottom)')","('answer_0(top)', 'answer_1(left)', 'answer_2(right)', 'answer_3(bottom)')",False,0.0,0,54
l46_317,0.7592592592592593,0.7592592592592593,0.0,"('answer_0(top)', 'answer_2(right)', 'answer_3(bottom)', 'answer_1(left)')","('answer_0(top)', 'answer_2(right)', 'answer_3(bottom)', 'answer_1(left)')",False,0.018518518518518517,1,54
l3_167,0.5740740740740741,0.5740740740740741,0.0,"('answer_0(top)', 'answer_2(right)', 'answer_3(bottom)', 'answer_1(left)')","('answer_0(top)', 'answer_2(right)', 'answer_3(bottom)', 'answer_1(left)')",False,0.0,0,54
l35_278,0.7592592592592593,0.7592592592592593,0.0,"('answer_0(top)', 'answer_2(right)', 'answer_3(bottom)', 'answer_1(left)')","('answer_0(top)', 'answer_2(right)', 'answer_3(bottom)', 'answer_1(left)')",False,0.0,0,54
l8_200,0.4444444444444444,0.5555555555555556,0.11111111111111116,"('answer_0(top)', 'answer_2(right)', 'answer_3(bottom)', 'answer_1(left)')","('answer_0(top)', 'answer_2(right)', 'answer_3(bottom)', 'answer_1(left)')",False,0.18518518518518517,10,54
l1_161,0.5555555555555556,0.5555555555555556,0.0,"('answer_0(top)', 'answer_1(left)', 'answer_3(bottom)', 'answer_2(right)')","('answer_0(top)', 'answer_1(left)', 'answer_3(bottom)', 'answer_2(right)')",False,0.018518518518518517,1,54
l43_310,0.5370370370370371,0.5370370370370371,0.0,"('answer_0(top)', 'answer_2(right)', 'answer_3(bottom)', 'answer_1(left)')","('answer_0(top)', 'answer_2(right)', 'answer_3(bottom)', 'answer_1(left)')",False,0.0,0,54
l10_202,0.6851851851851852,0.6851851851851852,0.0,"('answer_0(top)', 'answer_2(right)', 'answer_3(bottom)', 'answer_1(left)')","('answer_0(top)', 'answer_2(right)', 'answer_3(bottom)', 'answer_1(left)')",False,0.0,0,54
l9_201,0.6111111111111112,0.6296296296296297,0.01851851851851849,"('answer_0(top)', 'answer_1(left)', 'answer_3(bottom)', 'answer_2(right)')","('answer_0(top)', 'answer_1(left)', 'answer_3(bottom)', 'answer_2(right)')",False,0.018518518518518517,1,54
l11_205,0.5555555555555556,0.5740740740740741,0.01851851851851849,"('answer_0(top)', 'answer_2(right)', 'answer_3(bottom)', 'answer_1(left)')","('answer_0(top)', 'answer_2(right)', 'answer_3(bottom)', 'answer_1(left)')",False,0.037037037037037035,2,54
l34_277,0.5471698113207547,0.6226415094339622,0.07547169811320753,"('answer_0(top)', 'answer_2(right)', 'answer_3(bottom)', 'answer_1(left)')","('answer_0(top)', 'answer_2(right)', 'answer_3(bottom)', 'answer_1(left)')",False,0.09433962264150944,5,53
l41_303,0.6296296296296297,0.6481481481481481,0.01851851851851849,"('answer_0(top)', 'answer_1(left)', 'answer_3(bottom)', 'answer_2(right)')","('answer_0(top)', 'answer_1(left)', 'answer_3(bottom)', 'answer_2(right)')",False,0.018518518518518517,1,54
l20_253,0.5740740740740741,0.5740740740740741,0.0,"('answer_0(top)', 'answer_2(right)', 'answer_3(bottom)', 'answer_1(left)')","('answer_0(top)', 'answer_2(right)', 'answer_3(bottom)', 'answer_1(left)')",False,0.0,0,54
l4_172,0.37037037037037035,0.37037037037037035,0.0,"('answer_0(top)', 'answer_2(right)', 'answer_3(bottom)', 'answer_1(left)')","('answer_0(top)', 'answer_2(right)', 'answer_3(bottom)', 'answer_1(left)')",False,0.0,0,54
l32_263,0.5370370370370371,0.5370370370370371,0.0,"('answer_0(top)', 'answer_2(right)', 'answer_3(bottom)', 'answer_1(left)')","('answer_0(top)', 'answer_2(right)', 'answer_3(bottom)', 'answer_1(left)')",False,0.0,0,54
l6_187,0.5925925925925926,0.5925925925925926,0.0,"('answer_0(top)', 'answer_2(right)', 'answer_3(bottom)', 'answer_1(left)')","('answer_0(top)', 'answer_2(right)', 'answer_3(bottom)', 'answer_1(left)')",False,0.0,0,54
l16_218,0.5925925925925926,0.6111111111111112,0.0185185185185186,"('answer_0(top)', 'answer_2(right)', 'answer_3(bottom)', 'answer_1(left)')","('answer_0(top)', 'answer_2(right)', 'answer_3(bottom)', 'answer_1(left)')",False,0.018518518518518517,1,54
l30_254,0.5925925925925926,0.6666666666666666,0.07407407407407407,"('answer_0(top)', 'answer_2(right)', 'answer_3(bottom)', 'answer_1(left)')","('answer_0(top)', 'answer_2(right)', 'answer_3(bottom)', 'answer_1(left)')",False,0.07407407407407407,4,54
l15_210,0.2037037037037037,0.2037037037037037,0.0,"('answer_1(left)', 'answer_0(top)', 'answer_3(bottom)', 'answer_2(right)')","('answer_1(left)', 'answer_0(top)', 'answer_3(bottom)', 'answer_2(right)')",False,0.0,0,54
l17_219,0.7777777777777778,0.7777777777777778,0.0,"('answer_0(top)', 'answer_2(right)', 'answer_3(bottom)', 'answer_1(left)')","('answer_0(top)', 'answer_2(right)', 'answer_3(bottom)', 'answer_1(left)')",False,0.0,0,54
l19_230,0.48148148148148145,0.5,0.018518518518518545,"('answer_0(top)', 'answer_2(right)', 'answer_3(bottom)', 'answer_1(left)')","('answer_0(top)', 'answer_2(right)', 'answer_3(bottom)', 'answer_1(left)')",False,0.018518518518518517,1,54
l3_327,0.6111111111111112,0.7037037037037037,0.09259259259259256,"('answer_0(top)', 'answer_2(right)', 'answer_3(bottom)', 'answer_1(left)')","('answer_0(top)', 'answer_2(right)', 'answer_3(bottom)', 'answer_1(left)')",False,0.1111111111111111,6,54
l6_329,0.5185185185185185,0.5370370370370371,0.0185185185185186,"('answer_0(top)', 'answer_2(right)', 'answer_3(bottom)', 'answer_1(left)')","('answer_0(top)', 'answer_2(right)', 'answer_3(bottom)', 'answer_1(left)')",False,0.037037037037037035,2,54
l1_322,0.4444444444444444,0.4444444444444444,0.0,"('answer_0(top)', 'answer_2(right)', 'answer_3(bottom)', 'answer_1(left)')","('answer_0(top)', 'answer_2(right)', 'answer_3(bottom)', 'answer_1(left)')",False,0.018518518518518517,1,54
l2_324,0.46296296296296297,0.46296296296296297,0.0,"('answer_0(top)', 'answer_1(left)', 'answer_2(right)', 'answer_3(bottom)')","('answer_0(top)', 'answer_1(left)', 'answer_2(right)', 'answer_3(bottom)')",False,0.0,0,54
